title,text,subject,date
"Local Library to Extend Opening Hours","The city council announced today that the main library will now be open until 10 PM on weekdays to accommodate students.",community,2024-03-01
"New Coffee Shop Opens in Downtown Area","A new independent cafe specializing in ethically sourced beans has opened its doors on 5th Avenue, attracting many locals.",lifestyle,2024-03-02
"Local High School Wins State Basketball Championship","The varsity team secured a narrow victory in the final minutes of the game, bringing the trophy home for the first time in a decade.",sports,2024-03-03
"Public Park Renovation Completed Ahead of Schedule","Officials held a ribbon-cutting ceremony for the newly renovated waterfront park, which now features a modern playground and bike paths.",community,2024-03-04
"New Study Shows Benefits of Daily Walking","Researchers have found that even a 20-minute daily walk can significantly improve cardiovascular health and mental well-being.",health,2024-03-05
"Volunteers Clean Up Local Beach After Storm","A group of over 100 volunteers gathered this weekend to remove debris and plastic from the coastline following a recent heavy storm.",environment,2024-03-06
"Local Farmers Market Returns for Spring Season","The weekly market reopened this Saturday, featuring fresh produce from over 30 local farms and artisanal food makers.",community,2024-03-07
"City to Host Annual Film Festival in July","The international film festival will return this summer, showcasing independent works from around the world at various outdoor venues.",culture,2024-03-08
"New Art Installation Unveiled at Central Station","A massive sculpture made from recycled materials was revealed today, intended to highlight the importance of sustainability in the city.",art,2024-03-09
"Local Tech Startup Secures Initial Funding","A small team of developers has received their first round of investment to build a platform for local community engagement.",business,2024-03-10
"The weather is expected to be sunny this weekend.","Forecasters predict clear skies and mild temperatures for the upcoming Saturday and Sunday, perfect for outdoor activities.",weather,2024-03-11
"A small dog was rescued from a drain by local firemen.","The brave team spent three hours carefully extracting the puppy, which was later reunited with its grateful owners.",community,2024-03-12
"Traffic was light on the highway this morning.","Commuters reported a smooth drive into the city center today, with no major delays or accidents on the main routes.",transport,2024-03-13
"The school assembly had a special guest speaker today.","A former student who is now a successful engineer spoke to the children about the importance of science and mathematics.",education,2024-03-14
"Farmers are preparing for the upcoming harvest season.","After a successful growing period, local growers are optimistic about the yield for this year's wheat and corn crops.",agriculture,2024-03-15
"Scientists Discover New Exoplanet in Habitable Zone","NASA's Kepler mission has identified a new Earth-sized planet orbiting a distant star in its habitable zone, raising hopes for extraterrestrial life.",science,2024-02-01
"Marathon Record Broken in Berlin, Performance Stuns Fans","A Kenyan runner shattered the world marathon record in Berlin today, finishing in under two hours and one minute.",sports,2024-02-02
"Local Art Gallery Opens New Impressionist Exhibit","The Metropolitan Museum of Art unveiled a stunning new collection of late impressionist paintings, featuring previously unseen works by Monet.",art,2024-02-03
"New Healthcare Reform Bill Passed in Senate","The Senate passed a comprehensive healthcare bill aimed at reducing prescription drug costs and expanding coverage for primary care.",politics,2024-02-04
"Breakthrough in Quantum Computing Research","Researchers at Google and IBM have achieved a new milestone in quantum supremacy, performing a calculation in minutes that would take years on a supercomputer.",tech,2024-02-05
"Archaeologists Find Ancient City in Amazon Jungle","Using LIDAR technology, explorers have uncovered a massive network of ancient cities hidden beneath the canopy of the Amazon rainforest.",history,2024-02-06
"Electric Vehicle Sales Surge Globally in 2023, Reports Show","A new report from the International Energy Agency indicates that EV sales grew by 35% last year, dominated by markets in China and Europe.",business,2024-02-07
"Nobel Prize in Literature Awarded to Japanese Poet","The Swedish Academy announced that the Nobel Prize in Literature has been awarded to a celebrated Japanese poet for their work on modern isolation.",culture,2024-02-08
"FDA Approves New Treatment for Rare Genetic Disorder","The FDA has granted approval for a breakthrough gene therapy designed to treat a rare muscle-wasting condition in children.",health,2024-02-09
"Global Summit on Biodiversity Reaches Landmark Deal","Countries have agreed to protect 30% of the Earth's land and oceans by 2030 in a significant boost for conservation efforts.",nature,2024-02-10
"James Webb Telescope Captures Pillars of Creation","The latest high-resolution images from the James Webb Space Telescope provide a detailed look at the iconic Pillars of Creation in the Eagle Nebula.",science,2024-02-11
"Olympic Games to Feature New Urban Sports in 2024","The upcoming Paris Olympics will include surfin, skateboarding, and breaking as part of a push to modernize the games.",sports,2024-02-12
"Major Infrastructure Project Completed in New York City","The new rail tunnel connecting New Jersey and New York is now fully operational, promising to ease the daily commute for thousands.",politics,2024-02-13
"Study Links Mediterranean Diet to Better Heart Health","A long-term study published in a leading medical journal confirms that following a Mediterranean diet significantly reduces the risk of stroke.",health,2024-02-14
"Mars Rover Finds Evidence of Ancient Water Flow","The Perseverance rover has discovered sedimentary rock formations in the Jezero crater that strongly suggest a past history of liquid water.",science,2024-02-15
"Global Climate Accord Reached","Leaders from 190 countries signed a historic agreement to reduce carbon emissions by 50% by 2030, citing Reuters reports.",worldnews,2024-01-01
"New Tech Breakthrough in Solar Energy","Researchers at MIT have developed a new solar cell that is 40% more efficient than current technologies, as reported by AP.",tech,2024-01-02
"Economic Growth Exceeds Expectations","The latest GDP figures show a 3.5% growth rate, outpacing analyst predictions of 2.8%, according to official Washington statistics.",politics,2024-01-03
"BBC International News Update","The BBC reports a peaceful transition of power in the recent elections, with international observers praising the democratic process.",worldnews,2024-02-20
"Stock Market Reaches All Time High","The S&P 500 closed at a record high today as tech stocks continued to lead the rally amidst cooling inflation data.",finance,2024-02-21
"UN Warns of Humanitarian Crisis in Horn of Africa","The United Nations has issued an urgent appeal for aid as millions face severe food shortages due to prolonged drought and regional conflict.",worldnews,2024-03-01
"India Launches Record-Breaking Satellite Mission, Global Praise Follows","The Indian space agency successfully launched 104 satellites from a single rocket, establishing a new global benchmark for cost-effective space exploration.",tech,2024-03-02
"Renewable Energy Hits Milestone in European Union","For the first time ever, wind and solar power together produced more electricity than fossil fuels across the EU in 2023.",nature,2024-03-03
"Major Bank Lowers Interest Rates as Inflation Cools, Market Reacts","The central bank announced a 25 basis point cut to interest rates, citing a faster-than-expected decline in core inflation metrics.",finance,2024-03-04
"Cancer Survival Rates Improved Over Last Decade","New data from health agencies indicates a steady increase in survival rates for major types of cancer, thanks to improved screening and targeted therapies.",health,2024-03-05
"Tech Giants Commit to Ethical AI Development","Leading technology companies have signed a voluntary agreement to implement safety standards and transparency in artificial intelligence research.",tech,2024-03-06
"New Archaeological Site Discovered in Rome","Excavations for a new subway line have uncovered a remarkably well-preserved Roman villa containing intricate mosaics and statues.",history,2024-03-07
"Brazil Pledges to End Illegal Deforestation by 2030, Environmentalists Applaud","The Brazilian government announced a series of new policies to combat illegal logging and expand protection for indigenous lands.",nature,2024-03-08
"Rare Blue Whale Sighted Off the Coast of California","Researchers spotted several blue whales migration paths, signaling a potential recovery of the population in the Pacific Ocean.",nature,2024-03-09
"Global Trade Shows Resilience Despite Geopolitical Tensions","The latest WTO report shows that global trade volumes remained stable last year, driven by strong demand in digital services and electronics.",business,2024-03-10
"International Space Station Welcomes New Crew","A multinational crew of four astronauts successfully docked with the ISS today, starting a six-month mission of scientific experiments.",science,2024-03-11
"Historic Win for Women in National Elections","A record number of women have been elected to parliament in the recent general elections, marking a significant shift in political representation.",politics,2024-03-12
"Study Finds Reading Fiction Increases Empathy and Social Skills","Psychologists have found that regular readers of literary fiction score higher on tests of social understanding and emotional intelligence.",culture,2024-03-13
"Microsoft Announces Major Investment in Green Data Centers","Microsoft plans to power all its data centers with 100% renewable energy by 2025 and become carbon negative by 2030.",tech,2024-03-14
"Archaeologists Uncover Ancient Mayan Marketplace","New excavations in Guatemala have revealed a complex trade hub that was central to Mayan society over 2,000 years ago.",history,2024-03-15
"Rare Orchid Discovered in Remote Highlands of Scotland","Botanists have identified a new species of orchid that was thought to be extinct, found in a secluded glen in the Scottish Highlands.",nature,2024-03-16
"Global Initiative Aims to Clean Up Millions of Tons of Ocean Plastic","A new organization has launched a massive scale operation to remove plastic debris from the Great Pacific Garbage Patch using specialized vessels.",nature,2024-03-17
"French Museum Returns Ancient Artifacts to African Nations","The Louvre has officially returned dozens of historic artifacts that were taken during the colonial era, in a landmark move for cultural restitution.",culture,2024-03-18
"Breakthrough in Alzheimers Treatment Shows Promise in Clinical Trials","A new drug designed to clear amyloid plaques from the brain has demonstrated a significant slowing of cognitive decline in early-stage patients.",health,2024-03-19
"Renewed Interest in Chess as Global Popularity Surges","Chess platforms report a record-breaking number of active users, driven by a new generation of players and several high-profile tournaments.",sports,2024-03-20
"Tokyo Named World's Most Sustainable City for Third Year Running, Reports Show","An international ranking has once again placed Tokyo at the top for its urban greening initiatives and efficient waste management systems.",worldnews,2024-03-21
"First-of-its-Kind Neural Implant Restores Movement in Paralyzed Patient, Medical Milestone","Researchers have successfully used a brain-computer interface to help a patient with spinal injuries walk using a robotic exoskeleton.",tech,2024-03-22
"G7 Nations Announce Plan to Stabilize Global Food Supply","The G7 leaders have committed billions in funding to support small-scale farmers and improve food security in vulnerable regions.",politics,2024-03-23
"Electric Aircraft Completes Test Flight, Promising Future for Green Aviation","A fully electric prototype plane successfully flew for 30 minutes, marking a critical step toward zero-emission regional travel.",tech,2024-03-24
"New Species of Dwarf Lemur Discovered in Madagascar","The discovery of the tiny primate highlights the incredible biodiversity of the island and the need for continued habitat protection.",nature,2024-03-25
"Global Literacy Rates Hit All-Time High, UN Data Reveals","Thanks to expanded educational access in developing countries, global adult literacy has reached 86% as of 2024.",worldnews,2024-03-26
"World's Largest Coral Restoration Project Launched in Australia, Hopes for Barrier Reef Recovery","The project aims to plant millions of heat-resistant coral fragments along the Great Barrier Reef to combat the effects of bleaching.",nature,2024-03-27
"NASA Mission to Study Origins of Life on Europa Slated for 2024 Launch","The Europa Clipper mission will conduct multiple flybys of Jupiter's moon to investigate its subsurface ocean and potential habitability.",science,2024-03-28
"Historic Peace Treaty Signed in Middle East, International Community Celebrates","After years of negotiations, a long-standing territorial dispute has been resolved through a comprehensive peace agreement brokered by the UN.",worldnews,2024-03-29
"Global Digital Economy Expected to Double by 2030","A new economic forecast predicts that digital services and e-commerce will soon account for nearly 25% of global GDP.",business,2024-03-30
"Breakthrough in Fusion Energy Research, Permanent Ignition Achieved","Scientists at a national laboratory have maintained a fusion reaction for over a minute, producing more energy than was consumed in the process.",science,2024-04-01
"The James Webb Space Telescope has captured a stunning new image of the Pillars of Creation.","The latest infrared observations provide an unprecedented look at the dense clouds of gas and dust where new stars are being born.",science,2024-04-02
"Olympic Athletes Prepare for Paris 2024","Athletes from around the world are entering their final stages of training for the upcoming Summer Olympics in Paris.",sports,2024-04-03
"Stock Market Stabilizes as Inflation Data Meets Expectations, Investors Cautiously Optimistic","The latest CPI report showed a moderate increase in prices, leading to a steady trading day and a positive outlook for the quarter.",finance,2024-04-04
"New Study Confirms Importance of Biodiversity for Ecosystem Resilience, Conservation Efforts Intensify","Research published in a top scientific journal shows that diverse ecosystems are better equipped to withstand environmental stresses and climate change.",nature,2024-04-05
"Historic Space Mission to Land on Asteroid Scheduled for 2025","The mission aims to collect samples from a carbon-rich asteroid to help scientists understand the early history of the solar system.",science,2024-04-06
"Global Demand for Electric Vehicles Continues to Rise, New Manufacturing Plants Announced","Major automakers are expanding their production capacity for EVs to meet the growing consumer demand and achieve sustainability goals.",business,2024-04-07
"Breakthrough in Artificial Intelligence Leads to More Efficient Scientific Research, Future Looks Bright","New AI algorithms are helping researchers analyze vast amounts of data and accelerate the pace of discovery in fields like medicine and material science.",tech,2024-04-08
"Historic Agreement Reached to Protect Global Water Resources","Countries have agreed on a landmark treaty to manage shared water resources sustainably and ensure access to clean water for all.",nature,2024-04-09
"Economic Recovery Gains Momentum as Global Trade Volumes Increase, Forecasts Revised Upward","The latest economic reports indicate a strong rebound in global trade, leading to improved growth projections for the coming years.",business,2024-04-10
"NASA to Launch New Mission to Study Sun's Atmosphere","The Parker Solar Probe will continue its mission to study the sun's corona and solar wind, providing critical data for space weather forecasting.",science,2024-04-11
"Historic Win for Conservation Efforts as Endangered Species Populations Rebound","New data shows a significant increase in the populations of several endangered species, highlighting the success of recent conservation initiatives.",nature,2024-04-12
"Global Cooperation on Climate Change Strengthened with New International Agreement, Hopes for a Greener Future","The latest international climate summit resulted in a series of ambitious commitments to reduce emissions and support vulnerable nations.",worldnews,2024-04-13
"Breakthrough in Renewable Energy Technology Leads to More Efficient Power Generation","New developments in solar and wind power technology are making renewable energy more cost-effective and accessible than ever before.",tech,2024-04-14
"Historic Space Station Mission Successfully Completed, Crew Returns to Earth Safely","The crew of the International Space Station has successfully completed their mission and returned to Earth, bringing back valuable scientific data.",science,2024-04-15
"Global Efforts to Combat Misinformation Intensify with New Initiatives, Focus on Truth and Integrity","Organizations around the world are launching new efforts to promote media literacy and combat the spread of false information online.",worldnews,2024-04-16
"Breakthrough in Medical Research Leads to New Treatments for Persistent Health Challenges, Hopes for Improved Patient Outcomes","New discoveries in fields like genomics and immunology are leading to more personalized and effective treatments for a wide range of conditions.",health,2024-04-17
"Historic Landmark Protected as National Park","The government has announced the creation of a new national park to protect a significant historic landmark and its surrounding natural environment.",nature,2024-04-18
"Economic Growth Projected to Continue as Global Markets Remain Stable, Favorable Outlook for Investors","The latest economic forecasts indicate a steady pace of growth for the global economy, with positive trends expected to continue in the coming years.",business,2024-04-19
"NASA Mars Rover Finds Evidence of Ancient Microbes","The Perseverance rover has discovered organic molecules in Martian rocks that could be signs of ancient microbial life.",science,2024-04-20
"Global Initiatives to Support Small Businesses Gain Momentum, Focus on Economic Empowerment and Growth","New programs and funding opportunities are being launched to help small businesses thrive and contribute to a more inclusive and resilient economy.",business,2024-04-21
"Historic Milestone Reached in Search for Extraterrestrial Intelligence","Researchers have detected a series of unusual signals from a distant star system that could be signs of intelligent life.",science,2024-04-22
"Breakthrough in Environmental Protection Technology Leads to Cleaner Air and Water, Hopes for a More Sustainable Planet","New technologies are helping industries and cities reduce their environmental impact and improve the quality of life for all.",nature,2024-04-23
"Historic Treaty Signed to Prevent Nuclear Proliferation","The latest international efforts to prevent the spread of nuclear weapons resulted in a significant new treaty signed by dozens of nations.",worldnews,2024-04-24
"Economic Indicators Signal Continued Recovery as Global Markets Show Resilience, Positive Trends Expected to Persist","The latest data on consumer spending and manufacturing indicate a healthy pace of recovery for the global economy.",business,2024-04-25
"NASA Submits Proposal for New Mission to Explore Jupiter's Moon Europa","The proposed mission would use a lander and a drone to study the moon's ice shell and search for signs of life in its subsurface ocean.",science,2024-04-26
"Global Efforts to Combat Climate Change Gain Momentum with New Commitments to Reduce Emissions, Focus on a Sustainable Future","The latest international climate summit resulted in a series of ambitious new targets for carbon reduction and support for renewable energy.",worldnews,2024-04-27
"Breakthrough in Quantum Computing Research Leads to More Powerful and Efficient Systems","Scientists at major research institutions have achieved new milestones in quantum computing, bringing the technology closer to practical application.",tech,2024-04-28
"Historic Preservation Project Successfully Completed, Cultural Landmark Restored to its Former Glory","The restoration of a significant historic site has been completed, ensuring that it can be enjoyed by future generations.",culture,2024-04-29
"Economic Growth Forecast to Accelerate as Global Trade Volumes Increase","The latest economic reports indicate a strong rebound in global trade, leading to improved growth projections for the coming year.",business,2024-04-30
"World Health Organization Announces Progress in Global Fight Against Neglected Tropical Diseases, Hopes for Eradication","New data shows a significant decline in the prevalence of several neglected tropical diseases, thanks to large-scale treatment programs and improved sanitation.",health,2024-05-01
"NASA to Launch New Mission to Study the Earth's Deep Interior","The mission will use a network of seismic sensors to probe the earth's core and mantle and help scientists understand its composition and history.",science,2024-05-02
"Global Cooperation on Data Privacy Strengthened with New International Agreement, Focus on Protecting Personal Information","The latest international summit on data privacy resulted in a series of new standards for the protection of personal data in the digital age.",tech,2024-05-03
"Economic Indicators Suggest Steady Growth for the Global Economy, Favorable Outlook for Businesses and Investors","The latest data on GDP and employment indicate a healthy pace of recovery for the global economy.",business,2024-05-04
"Historic Win for Environmental Protection as Endangered Species Populations Show Continued Growth, Hopes for Long-Term Recovery","The latest population estimates for several endangered species show a positive trend, highlighting the success of recent conservation initiatives.",nature,2024-05-05
"NASA's James Webb Telescope Discovers Ancient Galaxy from the Dawn of Time","The latest observations from the Webb telescope have uncovered a galaxy that formed just a few hundred million years after the Big Bang.",science,2024-05-06
"Global Efforts to Combat Misinformation Intensify with New Research and Technical Innovative Initiatives, Focus on Truth and Integrity","A new international partnership has been launched to study the spread of false information and develop new tools to help users identify credible content.",worldnews,2024-05-07
"Breakthrough in Medical Research Leads to New Treatments for Persistent Health Challenges, Hopes for Improved Life Quality Outcomes","New discoveries in fields like gene therapy and personalized medicine are leading to more effective and targeted treatments for a wide range of conditions.",health,2024-05-08
"Historic Landmark Protected for Future Generations as New National Monument Created, Hopes for Increased Awareness and Preservation","The government has announced the creation of a new national monument to protect a site of significant historic and cultural importance.",culture,2024-05-09
"Economic Growth Projected to Continue as Global Markets Remain Stable and Resilient, Favorable Outlook for Investors","The latest economic forecasts indicate a steady pace of growth for the global economy, with positive trends expected to persist in the coming month.",business,2024-05-10
"NASA's Mars Rover Perseverance Successfully Collects Soil Samples, Scientific Breakthrough Anticipated","The rover has already collected several core samples that could contain clues about the planet's past habitability and atmospheric history.",science,2024-05-11
"Global Initiatives to Support Sustainable Agriculture Gain Momentum, Focus on Food Security and Environmental Protection","New programs and funding opportunities are being launched to help farmers adopt sustainable practices and improve the resilience of the global food system.",nature,2024-05-12
"Historic Win for Women's Rights as More Nations Pass Equal Pay Laws","Recent legislative changes in several countries have paved the way for more equitable pay and improved working conditions for women.",politics,2024-05-13
"Breakthrough in Renewable Energy Technology Leads to More Efficient and Affordable Power Generation, Hopes for a Greener Planet","New developments in solar and wind power technology are making renewable energy more cost-competitive and accessible than ever before.",tech,2024-05-14
"Historic Space Mission Successfully Completed, Crew Returns to Earth with Valuable Scientific Data","The crew of the latest mission to the International Space Station has returned to Earth safely, bringing back a wide range of new research findings.",science,2024-05-15
"Global Efforts to Combat Misinformation Intensify with New Focus on Media Literacy and Critical Thinking Skills, Hopes for a More Informed Public","Organizations around the world are launching new programs to help people of all ages develop the skills they need to navigate the digital information landscape.",worldnews,2024-05-16
"Breakthrough in Medical Research Leads to New Treatments for Persistent Health Challenges, Hopes for Improved Patient Care Outcomes","New discoveries in fields like cancer research and neuroscience are leading to more effective and targeted treatments for a wide range of conditions.",health,2024-05-17
"Historic Landmark Protected for Future Generations as New National Marine Sanctuary Created, Hopes for Increased Awareness and Preservation","The government has announced the creation of a new national marine sanctuary to protect a unique and biodiverse underwater ecosystem.",nature,2024-05-18
"Economic Growth Projected to Continue as Global Markets Remain Stable and Resilient, Favorable Outlook for Businesses and Investors","The latest economic forecasts indicate a steady pace of growth for the global economy, with positive trends expected to persist in the coming year.",business,2024-05-19
"NASA to Launch New Mission to Study the Earth's Oceans and Atmosphere","The mission will use a fleet of satellites and drones to monitor the health of the earth's oceans and atmosphere and provide critical data for climate research.",science,2024-05-20
"Economic Indicators Suggest Steady Growth for the Global Economy, Favorable Outlook for Businesses and Investors","The latest data on consumer spending and manufacturing indicate a healthy pace of recovery for the global economy.",business,2024-05-21
"Historic Win for Environmental Protection as Endangered Species Populations Show Continued Growth, Hopes for Long-Term Recovery","The latest population estimates for several endangered species show a positive trend, highlighting the success of recent conservation initiatives.",nature,2024-05-22
"Breakthrough in Quantum Computing Research Leads to More Powerful and Efficient Systems","Scientists at major research institutions have achieved new milestones in quantum computing, bringing the technology closer to practical application.",tech,2024-05-23
"Historic Preservation Project Successfully Completed, Cultural Landmark Restored to its Former Glory","The restoration of a significant historic site has been completed, ensuring that it can be enjoyed by future generations.",culture,2024-05-24
"Economic Growth Forecast to Accelerate as Global Trade Volumes Increase","The latest economic reports indicate a strong rebound in global trade, leading to improved growth projections for the coming month.",business,2024-05-25
"NASA's James Webb Telescope Discovers New Planet with a Potential for Life Atmosphere","The latest observations from the Webb telescope have identified a planet with an atmosphere that could support life, based on its chemical composition.",science,2024-05-26
"Global Efforts to Combat Misinformation Intensify with New Research and Innovative Initiatives, Focus on Truth and Integrity","A new international partnership has been launched to study the spread of false information and develop new tools to help users identify credible content.",worldnews,2024-05-27
"Breakthrough in Medical Research Leads to New Treatments for Persistent Health Challenges, Hopes for Improved Life Quality Outcomes","New discoveries in fields like genomics and personalized medicine are leading to more effective and targeted treatments for a wide range of conditions.",health,2024-05-28
"Historic Landmark Protected for Future Generations as New National Monument Created, Hopes for Increased Awareness and Preservation","The government has announced the creation of a new national monument to protect a site of significant historic and cultural importance.",culture,2024-05-29
"Economic Growth Projected to Continue as Global Markets Remain Stable and Resilient, Favorable Outlook for Investors","The latest economic forecasts indicate a steady pace of growth for the global economy, with positive trends expected to persist in the coming year.",business,2024-05-30
"The James Webb Space Telescope is a space telescope designed primarily to conduct infrared astronomy.","As the largest optical telescope in space, its high infrared resolution and sensitivity allow it to view objects too early, distant, or obscured for the Hubble Space Telescope.",science,2024-06-01
"NASA to Launch New Mission to Study the Earth's Deep Interior","The mission will use a network of seismic sensors to probe the earth's core and mantle and help scientists understand its composition and history.",science,2024-06-02
"Global Cooperation on Data Privacy Strengthened with New International Agreement, Focus on Protecting Personal Information","The latest international summit on data privacy resulted in a series of new standards for the protection of personal data in the digital age.",tech,2024-06-03
"Economic Indicators Suggest Steady Growth for the Global Economy, Favorable Outlook for Businesses and Investors","The latest data on GDP and employment indicate a healthy pace of recovery for the global economy.",business,2024-06-04
"Historic Win for Environmental Protection as Endangered Species Populations Show Continued Growth, Hopes for Long-Term Recovery","The latest population estimates for several endangered species show a positive trend, highlighting the success of recent conservation initiatives.",nature,2024-06-05
"NASA's James Webb Telescope Discovers Ancient Galaxy from the Dawn of Time","The latest observations from the Webb telescope have uncovered a galaxy that formed just a few hundred million years after the Big Big Bang.",science,2024-06-06
"Global Efforts to Combat Misinformation Intensify with New Research and Technical Innovative Initiatives, Focus on Truth and Integrity","A new international partnership has been launched to study the spread of false information and develop new tools to help users identify credible content.",worldnews,2024-06-07
"Breakthrough in Medical Research Leads to New Treatments for Persistent Health Challenges, Hopes for Improved Life Quality Outcomes","New discoveries in fields like gene therapy and personalized medicine are leading to more effective and targeted treatments for a wide range of conditions.",health,2024-06-08
"Historic Landmark Protected for Future Generations as New National Monument Created, Hopes for Increased Awareness and Preservation","The government has announced the creation of a new national monument to protect a site of significant historic and cultural importance.",culture,2024-06-09
"Economic Growth Projected to Continue as Global Markets Remain Stable and Resilient, Favorable Outlook for Investors","The latest economic forecasts indicate a steady pace of growth for the global economy, with positive trends expected to persist in the coming month.",business,2024-06-10
"NASA's Mars Rover Perseverance Successfully Collects Soil Samples, Scientific Breakthrough Anticipated","The rover has already collected several core samples that could contain clues about the planet's past habitability and atmospheric history.",science,2024-06-11
"Global Initiatives to Support Sustainable Agriculture Gain Momentum, Focus on Food Security and Environmental Protection","New programs and funding opportunities are being launched to help farmers adopt sustainable practices and improve the resilience of the global food system.",nature,2024-06-12
"Historic Win for Women's Rights as More Nations Pass Equal Pay Laws","Recent legislative changes in several countries have paved the way for more equitable pay and improved working conditions for women.",politics,2024-06-13
"Breakthrough in Renewable Energy Technology Leads to More Efficient and Affordable Power Generation, Hopes for a Greener Planet","New developments in solar and wind power technology are making renewable energy more cost-competitive and accessible than ever before.",tech,2024-06-14
"Historic Space Mission Successfully Completed, Crew Returns to Earth with Valuable Scientific Data","The crew of the latest mission to the International Space Station has returned to Earth safely, bringing back a wide range of new research findings.",science,2024-06-15
"Global Efforts to Combat Misinformation Intensify with New Focus on Media Literacy and Critical Thinking Skills, Hopes for a More Informed Public","Organizations around the world are launching new programs to help people of all ages develop the skills they need to navigate the digital information landscape.",worldnews,2024-06-16
"Breakthrough in Medical Research Leads to New Treatments for Persistent Health Challenges, Hopes for Improved Patient Care Outcomes","New discoveries in fields like cancer research and neuroscience are leading to more effective and targeted treatments for a wide range of conditions.",health,2024-06-17
"Historic Landmark Protected for Future Generations as New National Marine Sanctuary Created, Hopes for Increased Awareness and Preservation","The government has announced the creation of a new national marine sanctuary to protect a unique and biodiverse underwater ecosystem.",nature,2024-06-18
"Economic Growth Projected to Continue as Global Markets Remain Stable and Resilient, Favorable Outlook for Businesses and Investors","The latest economic forecasts indicate a steady pace of growth for the global economy, with positive trends expected to persist in the coming year.",business,2024-06-19
"NASA to Launch New Mission to Study the Earth's Oceans and Atmosphere","The mission will use a fleet of satellites and drones to monitor the health of the earth's oceans and atmosphere and provide critical data for climate research.",science,2024-06-20
"Economic Indicators Suggest Steady Growth for the Global Economy, Favorable Outlook for Businesses and Investors","The latest data on consumer spending and manufacturing indicate a healthy pace of recovery for the global economy.",business,2024-06-21
"Historic Win for Environmental Protection as Endangered Species Populations Show Continued Growth, Hopes for Long-Term Recovery","The latest population estimates for several endangered species show a positive trend, highlighting the success of recent conservation initiatives.",nature,2024-06-22
"Breakthrough in Quantum Computing Research Leads to More Powerful and Efficient Systems","Scientists at major research institutions have achieved new milestones in quantum computing, bringing the technology closer to practical application.",tech,2024-06-23
"Historic Preservation Project Successfully Completed, Cultural Landmark Restored to its Former Glory","The restoration of a significant historic site has been completed, ensuring that it can be enjoyed by future generations.",culture,2024-06-24
"Economic Growth Forecast to Accelerate as Global Trade Volumes Increase","The latest economic reports indicate a strong rebound in global trade, leading to improved growth projections for the coming month.",business,2024-06-25
"NASA's James Webb Telescope Discovers New Planet with a Potential for Life Atmosphere","The latest observations from the Webb telescope have identified a planet with an atmosphere that could support life, based on its chemical composition.",science,2024-06-26
"Global Efforts to Combat Misinformation Intensify with New Research and Innovative Initiatives, Focus on Truth and Integrity","A new international partnership has been launched to study the spread of false information and develop new tools to help users identify credible content.",worldnews,2024-06-27
"Breakthrough in Medical Research Leads to New Treatments for Persistent Health Challenges, Hopes for Improved Life Quality Outcomes","New discoveries in fields like genomics and personalized medicine are leading to more effective and targeted treatments for a wide range of conditions.",health,2024-06-28
"Historic Landmark Protected for Future Generations as New National Monument Created, Hopes for Increased Awareness and Preservation","The government has announced the creation of a new national monument to protect a site of significant historic and cultural importance.",culture,2024-06-29
"Economic Growth Projected to Continue as Global Markets Remain Stable and Resilient, Favorable Outlook for Investors","The latest economic forecasts indicate a steady pace of growth for the global economy, with positive trends expected to persist in the coming year.",business,2024-06-30
"NASA's James Webb Telescope Discovers New Asteroid with Potential for Research","The telescope has identified a large asteroid that could provide valuable data on the early history of the solar system.",science,2024-07-01
"Global Cooperation on Data Privacy Strengthened with New International Agreement, Focus on Protecting Personal Information","The latest international summit on data privacy resulted in a series of new standards for the protection of personal data in the digital age.",tech,2024-07-02
"Economic Indicators Suggest Steady Growth for the Global Economy, Favorable Outlook for Businesses and Investors","The latest data on consumer spending and manufacturing indicate a healthy pace of recovery for the global economy.",business,2024-07-03
"Historic Win for Environmental Protection as Endangered Species Populations Show Continued Growth, Hopes for Long-Term Recovery","The latest population estimates for several endangered species show a positive trend, highlighting the success of recent conservation initiatives.",nature,2024-07-04
"NASA's James Webb Telescope Discovers New Galaxy with Unexpected Properties","The latest observations from the Webb telescope have uncovered a galaxy that challenges existing theories about galaxy formation and evolution.",science,2024-07-05
"Global Efforts to Combat Misinformation Intensify with New Research and Technical Innovative Initiatives, Focus on Truth and Integrity","A new international partnership has been launched to study the spread of false information and develop new tools to help users identify credible content.",worldnews,2024-07-06
"Breakthrough in Medical Research Leads to New Treatments for Persistent Health Challenges, Hopes for Improved Life Quality Outcomes","New discoveries in fields like genomics and personalized medicine are leading to more effective and targeted treatments for a wide range of conditions.",health,2024-07-07
"Historic Landmark Protected for Future Generations as New National Monument Created, Hopes for Increased Awareness and Preservation","The government has announced the creation of a new national monument to protect a site of significant historic and cultural importance.",culture,2024-07-08
"Economic Growth Projected to Continue as Global Markets Remain Stable and Resilient, Favorable Outlook for Investors","The latest economic forecasts indicate a steady pace of growth for the global economy, with positive trends expected to persist in the coming year.",business,2024-07-09
"NASA's Mars Rover Perseverance Successfully Collects New Samples, Scientific Breakthrough Anticipated","The rover has already collected several core samples that could contain clues about the planet's past habitability and atmospheric history.",science,2024-07-10
"Global Initiatives to Support Sustainable Agriculture Gain Momentum, Focus on Food Security and Environmental Protection","New programs and funding opportunities are being launched to help farmers adopt sustainable practices and improve the resilience of the global food system.",nature,2024-07-11
"Historic Win for Women's Rights as More Nations Pass Equal Pay Laws","Recent legislative changes in several countries have paved the way for more equitable pay and improved working conditions for women.",politics,2024-07-12
"Breakthrough in Renewable Energy Technology Leads to More Efficient and Affordable Power Generation, Hopes for a Greener Planet","New developments in solar and wind power technology are making renewable energy more cost-competitive and accessible than ever before.",tech,2024-07-13
"Historic Space Mission Successfully Completed, Crew Returns to Earth with Valuable Scientific Data","The crew of the latest mission to the International Space Station has returned to Earth safely, bringing back a wide range of new research findings.",science,2024-07-14
"Global Efforts to Combat Misinformation Intensify with New Focus on Media Literacy and Critical Thinking Skills, Hopes for a More Informed Public","Organizations around the world are launching new programs to help people of all ages develop the skills they need to navigate the digital information landscape.",worldnews,2024-07-15
"Breakthrough in Medical Research Leads to New Treatments for Persistent Health Challenges, Hopes for Improved Patient Care Outcomes","New discoveries in fields like cancer research and neuroscience are leading to more effective and targeted treatments for a wide range of conditions.",health,2024-07-16
"Historic Landmark Protected for Future Generations as New National Marine Sanctuary Created, Hopes for Increased Awareness and Preservation","The government has announced the creation of a new national marine sanctuary to protect a unique and biodiverse underwater ecosystem.",nature,2024-07-17
"Economic Growth Projected to Continue as Global Markets Remain Stable and Resilient, Favorable Outlook for Businesses and Investors","The latest economic forecasts indicate a steady pace of growth for the global economy, with positive trends expected to persist in the coming year.",business,2024-07-18
"NASA to Launch New Mission to Study the Earth's Oceans and Atmosphere","The mission will use a fleet of satellites and drones to monitor the health of the earth's oceans and atmosphere and provide critical data for climate research.",science,2024-07-19
"Economic Indicators Suggest Steady Growth for the Global Economy, Favorable Outlook for Businesses and Investors","The latest data on GDP and employment indicate a healthy pace of recovery for the global economy.",business,2024-07-20
"Historic Win for Environmental Protection as Endangered Species Populations Show Continued Growth, Hopes for Long-Term Recovery","The latest population estimates for several endangered species show a positive trend, highlighting the success of recent conservation initiatives.",nature,2024-07-21
"Breakthrough in Quantum Computing Research Leads to More Powerful and Efficient Systems","Scientists at major research institutions have achieved new milestones in quantum computing, bringing the technology closer to practical application.",tech,2024-07-22
"Historic Preservation Project Successfully Completed, Cultural Landmark Restored to its Former Glory","The restoration of a significant historic site has been completed, ensuring that it can be enjoyed by future generations.",culture,2024-07-23
"Economic Growth Forecast to Accelerate as Global Trade Volumes Increase","The latest economic reports indicate a strong rebound in global trade, leading to improved growth projections for the coming month.",business,2024-07-24
"NASA's James Webb Telescope Discovers New Planet with a Potential for Life Atmosphere","The latest observations from the Webb telescope have identified a planet with an atmosphere that could support life, based on its chemical composition.",science,2024-07-25
"Global Efforts to Combat Misinformation Intensify with New Research and Innovative Initiatives, Focus on Truth and Integrity","A new international partnership has been launched to study the spread of false information and develop new tools to help users identify credible content.",worldnews,2024-07-26
"Breakthrough in Medical Research Leads to New Treatments for Persistent Health Challenges, Hopes for Improved Life Quality Outcomes","New discoveries in fields like genomics and personalized medicine are leading to more effective and targeted treatments for a wide range of conditions.",health,2024-07-27
"Historic Landmark Protected for Future Generations as New National Monument Created, Hopes for Increased Awareness and Preservation","The government has announced the creation of a new national monument to protect a site of significant historic and cultural importance.",culture,2024-07-28
"Economic Growth Projected to Continue as Global Markets Remain Stable and Resilient, Favorable Outlook for Investors","The latest economic forecasts indicate a steady pace of growth for the global economy, with positive trends expected to persist in the coming year.",business,2024-07-29
"NASA's James Webb Telescope Discovers New Galaxy with Unusual Star Formation","The latest observations from the Webb telescope have uncovered a galaxy that is forming stars at a much faster rate than expected.",science,2024-07-30
"Global Cooperation on Data Privacy Strengthened with New International Agreement, Focus on Protecting Personal Information","The latest international summit on data privacy resulted in a series of new standards for the protection of personal data in the digital age.",tech,2024-07-31
"Economic Indicators Suggest Steady Growth for the Global Economy, Favorable Outlook for Businesses and Investors","The latest data on consumer spending and manufacturing indicate a healthy pace of recovery for the global economy.",business,2024-08-01
"Historic Win for Environmental Protection as Endangered Species Populations Show Continued Growth, Hopes for Long-Term Recovery","The latest population estimates for several endangered species show a positive trend, highlighting the success of recent conservation initiatives.",nature,2024-08-02
"NASA's James Webb Telescope Discovers New Planet with Unexpected Surface Features","The latest observations from the Webb telescope have revealed a planet with a rocky surface and large-scale structures that scientists are still trying to understand.",science,2024-08-03
"Global Efforts to Combat Misinformation Intensify with New Research and Technical Innovative Initiatives, Focus on Truth and Integrity","A new international partnership has been launched to study the spread of false information and develop new tools to help users identify credible content.",worldnews,2024-08-04
"Breakthrough in Medical Research Leads to New Treatments for Persistent Health Challenges, Hopes for Improved Life Quality Outcomes","New discoveries in fields like genomics and personalized medicine are leading to more effective and targeted treatments for a wide range of conditions.",health,2024-08-05
"Historic Landmark Protected for Future Generations as New National Monument Created, Hopes for Increased Awareness and Preservation","The government has announced the creation of a new national monument to protect a site of significant historic and cultural importance.",culture,2024-08-06
"Economic Growth Projected to Continue as Global Markets Remain Stable and Resilient, Favorable Outlook for Investors","The latest economic forecasts indicate a steady pace of growth for the global economy, with positive trends expected to persist in the coming month.",business,2024-08-07
"NASA's Mars Rover Perseverance Successfully Collects New Samples, Scientific Breakthrough Anticipated","The rover has already collected several core samples that could contain clues about the planet's past habitability and atmospheric history.",science,2024-08-08
"Global Initiatives to Support Sustainable Agriculture Gain Momentum, Focus on Food Security and Environmental Protection","New programs and funding opportunities are being launched to help farmers adopt sustainable practices and improve the resilience of the global food system.",nature,2024-08-09
"Historic Win for Women's Rights as More Nations Pass Equal Pay Laws","Recent legislative changes in several countries have paved the way for more equitable pay and improved working conditions for women.",politics,2024-08-10
"Breakthrough in Renewable Energy Technology Leads to More Efficient and Affordable Power Generation, Hopes for a Greener Planet","New developments in solar and wind power technology are making renewable energy more cost-competitive and accessible than ever before.",tech,2024-08-11
"Historic Space Mission Successfully Completed, Crew Returns to Earth with Valuable Scientific Data","The crew of the latest mission to the International Space Station has returned to Earth safely, bringing back a wide range of new research findings.",science,2024-08-12
"Global Efforts to Combat Misinformation Intensify with New Focus on Media Literacy and Critical Thinking Skills, Hopes for a More Informed Public","Organizations around the world are launching new programs to help people of all ages develop the skills they need to navigate the digital information landscape.",worldnews,2024-08-13
"Breakthrough in Medical Research Leads to New Treatments for Persistent Health Challenges, Hopes for Improved Patient Care Outcomes","New discoveries in fields like cancer research and neuroscience are leading to more effective and targeted treatments for a wide range of conditions.",health,2024-08-14
"Historic Landmark Protected for Future Generations as New National Marine Sanctuary Created, Hopes for Increased Awareness and Preservation","The government has announced the creation of a new national marine sanctuary to protect a unique and biodiverse underwater ecosystem.",nature,2024-08-15
"Economic Growth Projected to Continue as Global Markets Remain Stable and Resilient, Favorable Outlook for Businesses and Investors","The latest economic forecasts indicate a steady pace of growth for the global economy, with positive trends expected to persist in the coming year.",business,2024-08-16
"NASA to Launch New Mission to Study the Earth's Oceans and Atmosphere","The mission will use a fleet of satellites and drones to monitor the health of the earth's oceans and atmosphere and provide critical data for climate research.",science,2024-08-17
"Economic Indicators Suggest Steady Growth for the Global Economy, Favorable Outlook for Businesses and Investors","The latest data on consumer spending and manufacturing indicate a healthy pace of recovery for the global economy.",business,2024-08-18
"Historic Win for Environmental Protection as Endangered Species Populations Show Continued Growth, Hopes for Long-Term Recovery","The latest population estimates for several endangered species show a positive trend, highlighting the success of recent conservation initiatives.",nature,2024-08-19
"Breakthrough in Quantum Computing Research Leads to More Powerful and Efficient Systems","Scientists at major research institutions have achieved new milestones in quantum computing, bringing the technology closer to practical application.",tech,2024-08-20
"Historic Preservation Project Successfully Completed, Cultural Landmark Restored to its Former Glory","The restoration of a significant historic site has been completed, ensuring that it can be enjoyed by future generations.",culture,2024-08-21
"Economic Growth Forecast to Accelerate as Global Trade Volumes Increase","The latest economic reports indicate a strong rebound in global trade, leading to improved growth projections for the coming month.",business,2024-08-22
"NASA's James Webb Telescope Discovers New Planet with a Potential for Life Atmosphere","The latest observations from the Webb telescope have identified a planet with an atmosphere that could support life, based on its chemical composition.",science,2024-08-23
"Global Efforts to Combat Misinformation Intensify with New Research and Innovative Initiatives, Focus on Truth and Integrity","A new international partnership has been launched to study the spread of false information and develop new tools to help users identify credible content.",worldnews,2024-08-24
"Breakthrough in Medical Research Leads to New Treatments for Persistent Health Challenges, Hopes for Improved Life Quality Outcomes","New discoveries in fields like genomics and personalized medicine are leading to more effective and targeted treatments for a wide range of conditions.",health,2024-08-25
"Historic Landmark Protected for Future Generations as New National Monument Created, Hopes for Increased Awareness and Preservation","The government has announced the creation of a new national monument to protect a site of significant historic and cultural importance.",culture,2024-08-26
"Economic Growth Projected to Continue as Global Markets Remain Stable and Resilient, Favorable Outlook for Investors","The latest economic forecasts indicate a steady pace of growth for the global economy, with positive trends expected to persist in the coming year.",business,2024-08-27
"NASA's James Webb Telescope Discovers New Galaxy with Unusual Patterns","The latest observations from the Webb telescope have uncovered a galaxy that exhibits a complex and beautiful structure that scientists are still studying.",science,2024-08-28
"Global Cooperation on Data Privacy Strongened with New International Agreement, Focus on Protecting Personal Information","The latest international summit on data privacy resulted in a series of new standards for the protection of personal data in the digital age.",tech,2024-08-29
"Economic Indicators Suggest Steady Growth for the Global Economy, Favorable Outlook for Businesses and Investors","The latest data on consumer spending and manufacturing indicate a healthy pace of recovery for the global economy.",business,2024-08-30
"Historic Win for Environmental Protection as Endangered Species Populations Show Continued Growth, Hopes for Long-Term Recovery","The latest population estimates for several endangered species show a positive trend, highlighting the success of recent conservation initiatives.",nature,2024-08-31
"NASA's James Webb Telescope Discovers New Planet with Unexpected Chemical Signatures","The latest observations from the Webb telescope have revealed a planet with a unique and complex combination of gases in its atmosphere that scientists are still analyzing.",science,2024-09-01
"Global Efforts to Combat Misinformation Intensify with New Research and Technical Innovative Initiatives, Focus on Truth and Integrity","A new international partnership has been launched to study the spread of false information and develop new tools to help users identify credible content.",worldnews,2024-09-02
"Breakthrough in Medical Research Leads to New Treatments for Persistent Health Challenges, Hopes for Improved Life Quality Outcomes","New discoveries in fields like genomics and personalized medicine are leading to more effective and targeted treatments for a wide range of conditions.",health,2024-09-03
"Historic Landmark Protected for Future Generations as New National Monument Created, Hopes for Increased Awareness and Preservation","The government has announced the creation of a new national monument to protect a site of significant historic and cultural importance.",culture,2024-09-04
"Economic Growth Projected to Continue as Global Markets Remain Stable and Resilient, Favorable Outlook for Investors","The latest economic forecasts indicate a steady pace of growth for the global economy, with positive trends expected to persist in the coming month.",business,2024-09-05
"NASA's Mars Rover Perseverance Successfully Collects New Samples, Scientific Breakthrough Anticipated","The rover has already collected several core samples that could contain clues about the planet's past habitability and atmospheric history.",science,2024-09-06
"Global Initiatives to Support Sustainable Agriculture Gain Momentum, Focus on Food Security and Environmental Protection","New programs and funding opportunities are being launched to help farmers adopt sustainable practices and improve the resilience of the global food system.",nature,2024-09-07
"Historic Win for Women's Rights as More Nations Pass Equal Pay Laws","Recent legislative changes in several countries have paved the way for more equitable pay and improved working conditions for women.",politics,2024-09-08
"Breakthrough in Renewable Energy Technology Leads to More Efficient and Affordable Power Generation, Hopes for a Greener Planet","New developments in solar and wind power technology are making renewable energy more cost-competitive and accessible than ever before.",tech,2024-09-09
"Historic Space Mission Successfully Completed, Crew Returns to Earth with Valuable Scientific Data","The crew of the latest mission to the International Space Station has returned to Earth safely, bringing back a wide range of new research findings.",science,2024-09-10
"Global Efforts to Combat Misinformation Intensify with New Focus on Media Literacy and Critical Thinking Skills, Hopes for a More Informed Public","Organizations around the world are launching new programs to help people of all ages develop the skills they need to navigate the digital information landscape.",worldnews,2024-09-11
"Breakthrough in Medical Research Leads to New Treatments for Persistent Health Challenges, Hopes for Improved Patient Care Outcomes","New discoveries in fields like cancer research and neuroscience are leading to more effective and targeted treatments for a wide range of conditions.",health,2024-09-12
"Historic Landmark Protected for Future Generations as New National Marine Sanctuary Created, Hopes for Increased Awareness and Preservation","The government has announced the creation of a new national marine sanctuary to protect a unique and biodiverse underwater ecosystem.",nature,2024-09-13
"Economic Growth Projected to Continue as Global Markets Remain Stable and Resilient, Favorable Outlook for Businesses and Investors","The latest economic forecasts indicate a steady pace of growth for the global economy, with positive trends expected to persist in the coming year.",business,2024-09-14
"NASA to Launch New Mission to Study the Earth's Oceans and Atmosphere","The mission will use a fleet of satellites and drones to monitor the health of the earth's oceans and atmosphere and provide critical data for climate research.",science,2024-09-15
"Economic Indicators Suggest Steady Growth for the Global Economy, Favorable Outlook for Businesses and Investors","The latest data on GDP and employment indicate a healthy pace of recovery for the global economy.",business,2024-09-16
"Historic Win for Environmental Protection as Endangered Species Populations Show Continued Growth, Hopes for Long-Term Recovery","The latest population estimates for several endangered species show a positive trend, highlighting the success of recent conservation initiatives.",nature,2024-09-17
"Breakthrough in Quantum Computing Research Leads to More Powerful and Efficient Systems","Scientists at major research institutions have achieved new milestones in quantum computing, bringing the technology closer to practical application.",tech,2024-09-18
"Historic Preservation Project Successfully Completed, Cultural Landmark Restored to its Former Glory","The restoration of a significant historic site has been completed, ensuring that it can be enjoyed by future generations.",culture,2024-09-19
"Economic Growth Forecast to Accelerate as Global Trade Volumes Increase","The latest economic reports indicate a strong rebound in global trade, leading to improved growth projections for the coming month.",business,2024-09-20
"NASA's James Webb Telescope Discovers New Planet with a Potential for Life Atmosphere","The latest observations from the Webb telescope have identified a planet with an atmosphere that could support life, based on its chemical composition.",science,2024-09-21
"Global Efforts to Combat Misinformation Intensify with New Research and Innovative Initiatives, Focus on Truth and Integrity","A new international partnership has been launched to study the spread of false information and develop new tools to help users identify credible content.",worldnews,2024-09-22
"Breakthrough in Medical Research Leads to New Treatments for Persistent Health Challenges, Hopes for Improved Life Quality Outcomes","New discoveries in fields like genomics and personalized medicine are leading to more effective and targeted treatments for a wide range of conditions.",health,2024-09-23
"Historic Landmark Protected for Future Generations as New National Monument Created, Hopes for Increased Awareness and Preservation","The government has announced the creation of a new national monument to protect a site of significant historic and cultural importance.",culture,2024-09-24
"Economic Growth Projected to Continue as Global Markets Remain Stable and Resilient, Favorable Outlook for Investors","The latest economic forecasts indicate a steady pace of growth for the global economy, with positive trends expected to persist in the coming year.",business,2024-09-25
"NASA's James Webb Telescope Discovers New Galaxy with Unusual Proportional Properties","The latest observations from the Webb telescope have uncovered a galaxy that exhibits a unique and beautiful relationship between its stars and gas.",science,2024-09-26
"Global Cooperation on Data Privacy Strengthened with New International Agreement, Focus on Protecting Personal Information","The latest international summit on data privacy resulted in a series of new standards for the protection of personal data in the digital age.",tech,2024-09-27
"Economic Indicators Suggest Steady Growth for the Global Economy, Favorable Outlook for Businesses and Investors","The latest data on consumer spending and manufacturing indicate a healthy pace of recovery for the global economy.",business,2024-09-28
"Historic Win for Environmental Protection as Endangered Species Populations Show Continued Growth, Hopes for Long-Term Recovery","The latest population estimates for several endangered species show a positive trend, highlighting the success of recent conservation initiatives.",nature,2024-09-29
"NASA's James Webb Telescope Discovers New Planet with Unexpected Orbital Dynamics","The latest observations from the Webb telescope have revealed a planet with a unique and complex relationship with its host star that scientists are still studying.",science,2024-09-30
